ticker,name,start_date,product_url
IGLB,iShares 10+ Year Investment Grade Corporate Bond ETF,2009-12-08,/us/products/239423/ishares-10-year-credit-bond-etf
ILTB,iShares Core 10+ Year USD Bond ETF,2009-12-08,/us/products/239424/ishares-core-longterm-us-bond-etf
QLTA,iShares Aaa - A Rated Corporate Bond ETF,2012-02-14,/us/products/239431/ishares-aaa-a-rated-corporate-bond-etf
DVYA,iShares Asia/Pacific Dividend ETF,2012-02-23,/us/products/239443/ishares-asiapacific-dividend-etf
STIP,iShares 0-5 Year TIPS Bond ETF,2010-12-01,/us/products/239450/ishares-05-year-tips-bond-etf
IGSB,iShares 1-5 Year Investment Grade Corporate Bond ETF,2007-01-05,/us/products/239451/ishares-13-year-credit-bond-etf
SHY,iShares 1-3 Year Treasury Bond ETF,2002-07-22,/us/products/239452/ishares-13-year-treasury-bond-etf
TLH,iShares 10-20 Year Treasury Bond ETF,2007-01-05,/us/products/239453/ishares-1020-year-treasury-bond-etf
TLT,iShares 20+ Year Treasury Bond ETF,2002-07-22,/us/products/239454/ishares-20-year-treasury-bond-etf
IEI,iShares 3-7 Year Treasury Bond ETF,2007-01-05,/us/products/239455/ishares-37-year-treasury-bond-etf
IEF,iShares 7-10 Year Treasury Bond ETF,2002-07-22,/us/products/239456/ishares-710-year-treasury-bond-etf
AGZ,iShares Agency Bond ETF,2008-11-05,/us/products/239457/ishares-agency-bond-etf
AGG,iShares Core U.S. Aggregate Bond ETF,2003-09-22,/us/products/239458/ishares-core-total-us-bond-market-etf
CMBS,iShares CMBS ETF,2012-02-14,/us/products/239459/ishares-cmbs-etf
USIG,iShares Broad USD Investment Grade Corporate Bond ETF,2007-01-05,/us/products/239460/ishares-credit-bond-etf
GNMA,iShares GNMA Bond ETF,2012-02-14,/us/products/239461/ishares-gnma-bond-etf
GBF,iShares Government/Credit Bond ETF,2007-01-05,/us/products/239462/ishares-governmentcredit-bond-etf
IGIB,iShares 5-10 Year Investment Grade Corporate Bond ETF,2007-01-05,/us/products/239463/ishares-intermediate-credit-bond-etf
GVI,iShares Intermediate Government/Credit Bond ETF,2007-01-05,/us/products/239464/ishares-intermediate-governmentcredit-bond-etf
MBB,iShares MBS ETF,2007-03-13,/us/products/239465/ishares-mbs-etf
SHV,iShares Short Treasury Bond ETF,2007-01-05,/us/products/239466/ishares-short-treasury-bond-etf
TIP,iShares TIPS Bond ETF,2003-12-04,/us/products/239467/ishares-tips-bond-etf
GOVT,iShares U.S. Treasury Bond ETF,2012-02-14,/us/products/239468/ishares-us-treasury-bond-etf
ICF,iShares Cohen & Steers REIT ETF,2001-01-29,/us/products/239482/ishares-cohen-steers-reit-etf
IDV,iShares International Select Dividend ETF,2007-06-11,/us/products/239499/ishares-international-select-dividend-etf
DVY,iShares Select Dividend ETF,2003-11-03,/us/products/239500/ishares-select-dividend-etf
IYT,iShares U.S. Transportation ETF,2003-10-06,/us/products/239501/ishares-transportation-average-etf
ITA,iShares U.S. Aerospace & Defense ETF,2006-05-01,/us/products/239502/ishares-us-aerospace-defense-etf
IYM,iShares U.S. Basic Materials ETF,2000-06-12,/us/products/239503/ishares-us-basic-materials-etf
IAI,iShares U.S. Broker-Dealers & Securities Exchanges ETF,2006-05-01,/us/products/239504/ishares-us-brokerdealers-etf
IYK,iShares U.S. Consumer Staples ETF,2000-06-12,/us/products/239505/ishares-us-consumer-staples-etf
IYC,iShares U.S. Consumer Discretionary ETF,2000-06-12,/us/products/239506/ishares-us-consumer-discretionary-etf
IYE,iShares U.S. Energy ETF,2000-06-12,/us/products/239507/ishares-us-energy-etf
IYF,iShares U.S. Financials ETF,2000-05-22,/us/products/239508/ishares-us-financials-etf
IYG,iShares U.S. Financial Services ETF,2000-06-12,/us/products/239509/ishares-us-financial-services-etf
IHF,iShares U.S. Healthcare Providers ETF,2006-05-01,/us/products/239510/ishares-us-healthcare-providers-etf
IYH,iShares U.S. Healthcare ETF,2000-06-12,/us/products/239511/ishares-us-healthcare-etf
ITB,iShares U.S. Home Construction ETF,2006-05-01,/us/products/239512/ishares-us-home-construction-etf
IYY,iShares Dow Jones U.S. ETF,2000-06-12,/us/products/239513/ishares-dow-jones-us-etf
IYJ,iShares U.S. Industrials ETF,2000-06-12,/us/products/239514/ishares-us-industrials-etf
IAK,iShares U.S. Insurance ETF,2006-05-01,/us/products/239515/ishares-us-insurance-etf
IHI,iShares U.S. Medical Devices ETF,2006-05-01,/us/products/239516/ishares-us-medical-devices-etf
IEO,iShares U.S. Oil & Gas Exploration & Production ETF,2006-05-01,/us/products/239517/ishares-us-oil-gas-exploration-production-etf
IEZ,iShares U.S. Oil Equipment & Services ETF,2006-05-01,/us/products/239518/ishares-us-oil-equipment-services-etf
IHE,iShares U.S. Pharmaceuticals ETF,2006-05-01,/us/products/239519/ishares-us-pharmaceuticals-etf
IYR,iShares U.S. Real Estate ETF,2000-06-12,/us/products/239520/ishares-us-real-estate-etf
IAT,iShares U.S. Regional Banks ETF,2006-05-01,/us/products/239521/ishares-us-regional-banks-etf
IYW,iShares U.S. Technology ETF,2000-05-15,/us/products/239522/ishares-us-technology-etf
IYZ,iShares U.S. Telecommunications ETF,2000-05-22,/us/products/239523/ishares-us-telecommunications-etf
IDU,iShares U.S. Utilities ETF,2000-06-12,/us/products/239524/ishares-us-utilities-etf
CEMB,iShares J.P. Morgan EM Corporate Bond ETF,2012-04-17,/us/products/239525/ishares-emerging-markets-corporate-bond-etf
DVYE,iShares Emerging Markets Dividend ETF,2012-02-23,/us/products/239526/ishares-emerging-markets-dividend-etf
EMHY,iShares J.P. Morgan EM High Yield Bond ETF,2012-04-03,/us/products/239527/ishares-emerging-markets-high-yield-bond-etf
LEMB,iShares J.P. Morgan EM Local Currency Bond ETF,2011-10-18,/us/products/239528/ishares-emerging-markets-local-currency-bond-etf
FLOT,iShares Floating Rate Bond ETF,2011-06-14,/us/products/239534/ishares-floating-rate-bond-etf
FXI,iShares China Large-Cap ETF,2004-10-05,/us/products/239536/ishares-china-largecap-etf
IEUS,iShares MSCI Europe Small-Cap ETF,2007-11-12,/us/products/239537/ishares-developed-smallcap-ex-north-america-etf
IFGL,iShares International Developed Real Estate ETF,2007-11-12,/us/products/239540/ishares-international-developed-real-estate-etf
REM,iShares Mortgage Real Estate ETF,2007-05-01,/us/products/239543/ishares-mortgage-real-estate-capped-etf
USRT,iShares Core U.S. REIT ETF,2007-05-01,/us/products/239544/ishares-real-estate-50-etf
REZ,iShares Residential and Multisector Real Estate ETF,2007-05-01,/us/products/239545/ishares-residential-real-estate-capped-etf
HYXU,iShares International High Yield Bond ETF,2012-04-03,/us/products/239550/ishares-global-ex-usd-high-yield-corporate-bond-etf
GHYG,iShares US & Intl High Yield Corp Bond ETF,2012-04-03,/us/products/239551/ishares-global-high-yield-corporate-bond-etf
IAU,iShares Gold Trust,2005-01-21,/us/products/239561/ishares-gold-trust-fund
HDV,iShares Core High Dividend ETF,2011-03-29,/us/products/239563/ishares-high-dividend-etf
HYG,iShares iBoxx $ High Yield Corporate Bond ETF,2007-04-04,/us/products/239565/ishares-iboxx-high-yield-corporate-bond-etf
LQD,iShares iBoxx $ Investment Grade Corporate Bond ETF,2002-07-22,/us/products/239566/ishares-iboxx-investment-grade-corporate-bond-etf
EMB,iShares J.P. Morgan USD Emerging Markets Bond ETF,2007-12-17,/us/products/239572/ishares-jp-morgan-usd-emerging-markets-bond-etf
ILCB,iShares Morningstar U.S. Equity ETF,2004-06-28,/us/products/239579/ishares-morningstar-largecap-etf
ILCG,iShares Morningstar Growth ETF,2004-06-28,/us/products/239580/ishares-morningstar-largecap-growth-etf
ILCV,iShares Morningstar Value ETF,2004-06-28,/us/products/239581/ishares-morningstar-largecap-value-etf
IMCB,iShares Morningstar Mid-Cap ETF,2004-06-28,/us/products/239582/ishares-morningstar-midcap-etf
IMCG,iShares Morningstar Mid-Cap Growth ETF,2004-06-28,/us/products/239583/ishares-morningstar-midcap-growth-etf
IMCV,iShares Morningstar Mid-Cap Value ETF,2004-06-28,/us/products/239584/ishares-morningstar-midcap-value-etf
IYLD,iShares Morningstar Multi-Asset Income ETF,2012-04-03,/us/products/239585/ishares-morningstar-multiasset-income-etf
ISCB,iShares Morningstar Small-Cap ETF,2004-06-28,/us/products/239586/ishares-morningstar-smallcap-etf
ISCG,iShares Morningstar Small-Cap Growth ETF,2004-06-28,/us/products/239587/ishares-morningstar-smallcap-growth-etf
ISCV,iShares Morningstar Small-Cap Value ETF,2004-06-28,/us/products/239588/ishares-morningstar-smallcap-value-etf
ACWX,iShares MSCI ACWI ex U.S. ETF,2008-03-26,/us/products/239594/ishares-msci-acwi-ex-us-etf
ACWI,iShares MSCI ACWI ETF,2008-03-26,/us/products/239600/ishares-msci-acwi-etf
AAXJ,iShares MSCI All Country Asia ex Japan ETF,2008-08-13,/us/products/239601/ishares-msci-all-country-asia-ex-japan-etf
ACWV,iShares MSCI Global Min Vol Factor ETF,2011-10-18,/us/products/239605/ishares-msci-all-country-world-minimum-volatility-etf
EPU,iShares MSCI Peru ETF,2009-06-19,/us/products/239606/ishares-msci-all-peru-capped-etf
EWA,iShares MSCI Australia ETF,1996-03-12,/us/products/239607/ishares-msci-australia-etf
EWO,iShares MSCI Austria ETF,1996-03-12,/us/products/239609/ishares-msci-austria-capped-etf
EWK,iShares MSCI Belgium ETF,1996-03-12,/us/products/239610/ishares-msci-belgium-capped-etf
EWZ,iShares MSCI Brazil ETF,2000-07-10,/us/products/239612/ishares-msci-brazil-capped-etf
EWZS,iShares MSCI Brazil Small-Cap ETF,2010-09-28,/us/products/239613/ishares-msci-brazil-smallcap-etf
BKF,iShares MSCI BIC ETF,2007-11-12,/us/products/239614/ishares-msci-bric-etf
EWC,iShares MSCI Canada ETF,1996-03-12,/us/products/239615/ishares-msci-canada-etf
ECH,iShares MSCI Chile ETF,2007-11-12,/us/products/239618/ishares-msci-chile-capped-etf
MCHI,iShares MSCI China ETF,2011-03-29,/us/products/239619/ishares-msci-china-etf
ECNS,iShares MSCI China Small-Cap ETF,2010-09-28,/us/products/239620/ishares-msci-china-smallcap-etf
EDEN,iShares MSCI Denmark ETF,2012-01-25,/us/products/239621/ishares-msci-denmark-capped-etf
EFG,iShares MSCI EAFE Growth ETF,2005-08-01,/us/products/239622/ishares-msci-eafe-growth-etf
EFA,iShares MSCI EAFE ETF,2001-08-14,/us/products/239623/ishares-msci-eafe-etf
EFAV,iShares MSCI EAFE Min Vol Factor ETF,2011-10-18,/us/products/239626/ishares-msci-eafe-minimum-volatility-etf
SCZ,iShares MSCI EAFE Small-Cap ETF,2007-12-10,/us/products/239627/ishares-msci-eafe-smallcap-etf
EFV,iShares MSCI EAFE Value ETF,2005-08-01,/us/products/239628/ishares-msci-eafe-value-etf
EEMA,iShares MSCI Emerging Markets Asia ETF,2012-02-08,/us/products/239629/ishares-msci-emerging-markets-asia-etf
EEM,iShares MSCI Emerging Markets ETF,2003-04-07,/us/products/239637/ishares-msci-emerging-markets-etf
EEMV,iShares MSCI Emerging Markets Min Vol Factor ETF,2011-10-18,/us/products/239641/ishares-msci-emerging-markets-minimum-volatility-etf
EEMS,iShares MSCI Emerging Markets Small-Cap ETF,2011-08-16,/us/products/239642/ishares-msci-emerging-markets-smallcap-etf
EZU,iShares MSCI Eurozone ETF,2000-07-25,/us/products/239644/ishares-msci-emu-etf
EUFN,iShares MSCI Europe Financials ETF,2010-01-20,/us/products/239645/ishares-msci-europe-financials-etf
EFNL,iShares MSCI Finland ETF,2012-01-25,/us/products/239647/ishares-msci-finland-capped-etf
EWQ,iShares MSCI France ETF,1996-03-12,/us/products/239648/ishares-msci-france-etf
FM,iShares MSCI Frontier and Select EM ETF,2012-09-12,/us/products/239649/ishares-msci-frontier-100-etf
EWG,iShares MSCI Germany ETF,1996-03-12,/us/products/239650/ishares-msci-germany-etf
EWGS,iShares MSCI Germany Small-Cap ETF,2012-01-25,/us/products/239651/ishares-msci-germany-smallcap-etf
VEGI,iShares MSCI Global Agriculture Producers ETF,2012-01-31,/us/products/239652/ishares-msci-global-agriculture-producers-etf
FILL,iShares MSCI Global Energy Producers ETF,2012-01-31,/us/products/239653/ishares-msci-global-energy-producers-etf
RING,iShares MSCI Global Gold Miners ETF,2012-01-31,/us/products/239654/ishares-msci-global-gold-miners-etf
PICK,iShares MSCI Global Metals & Mining Producers ETF,2012-01-31,/us/products/239655/ishares-msci-global-metals-mining-producers-etf
SLVP,iShares MSCI Global Silver and Metals Miners ETF,2012-01-31,/us/products/239656/ishares-msci-global-silver-miners-etf
EWH,iShares MSCI Hong Kong ETF,1996-03-12,/us/products/239657/ishares-msci-hong-kong-etf
INDA,iShares MSCI India ETF,2012-02-02,/us/products/239659/ishares-msci-india-etf
SMIN,iShares MSCI India Small-Cap ETF,2012-02-08,/us/products/239660/ishares-msci-india-smallcap-etf
EIDO,iShares MSCI Indonesia ETF,2010-05-05,/us/products/239661/ishares-msci-indonesia-etf
EIRL,iShares MSCI Ireland ETF,2010-05-05,/us/products/239662/ishares-msci-ireland-capped-etf
EIS,iShares MSCI Israel ETF,2008-03-26,/us/products/239663/ishares-msci-israel-capped-etf
EWI,iShares MSCI Italy ETF,1996-03-12,/us/products/239664/ishares-msci-italy-capped-etf
EWJ,iShares MSCI Japan ETF,1996-03-12,/us/products/239665/ishares-msci-japan-etf
SCJ,iShares MSCI Japan Small-Cap ETF,2007-12-20,/us/products/239666/ishares-msci-japan-smallcap-etf
DSI,iShares MSCI KLD 400 Social ETF,2006-11-14,/us/products/239667/ishares-msci-kld-400-social-etf
TOK,iShares MSCI Kokusai ETF,2007-12-10,/us/products/239668/ishares-msci-kokusai-etf
EWM,iShares MSCI Malaysia ETF,1996-03-12,/us/products/239669/ishares-msci-malaysia-etf
EWW,iShares MSCI Mexico ETF,1996-03-12,/us/products/239670/ishares-msci-mexico-capped-etf
EWN,iShares MSCI Netherlands ETF,1996-03-12,/us/products/239671/ishares-msci-netherlands-etf
ENZL,iShares MSCI New Zealand ETF,2010-09-01,/us/products/239672/ishares-msci-new-zealand-capped-etf
ENOR,iShares MSCI Norway ETF,2012-01-23,/us/products/239673/ishares-msci-norway-capped-etf
EPP,iShares MSCI Pacific ex Japan ETF,2001-10-25,/us/products/239674/ishares-msci-pacific-ex-japan-etf
EPHE,iShares MSCI Philippines ETF,2010-09-28,/us/products/239675/ishares-msci-philippines-etf
EPOL,iShares MSCI Poland ETF,2010-05-25,/us/products/239676/ishares-msci-poland-capped-etf
ERUS,iShares MSCI Russia ETF,2010-11-09,/us/products/239677/ishares-msci-russia-capped-etf
EWS,iShares MSCI Singapore ETF,1996-03-12,/us/products/239678/ishares-msci-singapore-capped-etf
EZA,iShares MSCI South Africa ETF,2003-02-03,/us/products/239680/ishares-msci-south-africa-etf
EWY,iShares MSCI South Korea ETF,2000-05-09,/us/products/239681/ishares-msci-south-korea-capped-etf
EWP,iShares MSCI Spain ETF,1996-03-12,/us/products/239683/ishares-msci-spain-capped-etf
EWD,iShares MSCI Sweden ETF,1996-03-12,/us/products/239684/ishares-msci-sweden-etf
EWL,iShares MSCI Switzerland ETF,1996-03-12,/us/products/239685/ishares-msci-switzerland-capped-etf
EWT,iShares MSCI Taiwan ETF,2000-06-20,/us/products/239686/ishares-msci-taiwan-etf
THD,iShares MSCI Thailand ETF,2008-03-26,/us/products/239688/ishares-msci-thailand-capped-etf
TUR,iShares MSCI Turkey ETF,2008-03-26,/us/products/239689/ishares-msci-turkey-etf
EWU,iShares MSCI United Kingdom ETF,1996-03-12,/us/products/239690/ishares-msci-united-kingdom-etf
EWUS,iShares MSCI United Kingdom Small-Cap ETF,2012-01-25,/us/products/239691/ishares-msci-united-kingdom-smallcap-etf
SUSA,iShares MSCI USA ESG Select ETF,2005-01-24,/us/products/239692/ishares-msci-usa-esg-select-etf
EUSA,iShares MSCI USA Equal Weighted ETF,2010-05-05,/us/products/239693/ishares-msci-usa-etf
USMV,iShares MSCI USA Min Vol Factor ETF,2011-10-18,/us/products/239695/ishares-msci-usa-minimum-volatility-etf
URTH,iShares MSCI World ETF,2012-01-10,/us/products/239696/ishares-msci-world-etf
IBB,iShares Biotechnology ETF,2001-02-05,/us/products/239699/ishares-biotechnology-etf
SOXX,iShares Semiconductor ETF,2001-07-10,/us/products/239705/ishares-phlx-semiconductor-etf
IWF,iShares Russell 1000 Growth ETF,2000-05-22,/us/products/239706/ishares-russell-1000-growth-etf
IWB,iShares Russell 1000 ETF,2000-05-15,/us/products/239707/ishares-russell-1000-etf
IWD,iShares Russell 1000 Value ETF,2000-05-22,/us/products/239708/ishares-russell-1000-value-etf
IWO,iShares Russell 2000 Growth ETF,2000-07-24,/us/products/239709/ishares-russell-2000-growth-etf
IWM,iShares Russell 2000 ETF,2000-05-22,/us/products/239710/ishares-russell-2000-etf
IWN,iShares Russell 2000 Value ETF,2000-07-24,/us/products/239712/ishares-russell-2000-value-etf
IUSG,iShares Core S&P U.S. Growth ETF,2000-07-24,/us/products/239713/ishares-core-sp-us-growth-etf
IWV,iShares Russell 3000 ETF,2000-05-22,/us/products/239714/ishares-russell-3000-etf
IUSV,iShares Core S&P U.S. Value ETF,2000-07-24,/us/products/239715/ishares-core-sp-us-value-etf
IWC,iShares Micro-Cap ETF,2005-08-12,/us/products/239716/ishares-microcap-etf
IWP,iShares Russell Mid-Cap Growth ETF,2001-07-17,/us/products/239717/ishares-russell-midcap-growth-etf
IWR,iShares Russell Mid-Cap ETF,2001-07-17,/us/products/239718/ishares-russell-midcap-etf
IWS,iShares Russell Mid-Cap Value ETF,2001-07-17,/us/products/239719/ishares-russell-midcap-value-etf
IWY,iShares Russell Top 200 Growth ETF,2009-09-22,/us/products/239720/ishares-russell-top-200-growth-etf
IWL,iShares Russell Top 200 ETF,2009-09-22,/us/products/239721/ishares-russell-top-200-etf
IWX,iShares Russell Top 200 Value ETF,2009-09-22,/us/products/239722/ishares-russell-top-200-value-etf
OEF,iShares S&P 100 ETF,2000-10-23,/us/products/239723/ishares-sp-100-etf
ITOT,iShares Core S&P Total U.S. Stock Market ETF,2004-01-20,/us/products/239724/ishares-core-sp-total-us-stock-market-etf
IVW,iShares S&P 500 Growth ETF,2000-05-22,/us/products/239725/ishares-sp-500-growth-etf
IVV,iShares Core S&P 500 ETF,2000-05-15,/us/products/239726/ishares-core-sp-500-etf
IVE,iShares S&P 500 Value ETF,2000-05-22,/us/products/239728/ishares-sp-500-value-etf
AOA,iShares Core Aggressive Allocation ETF,2008-11-04,/us/products/239729/ishares-aggressive-allocation-etf
AIA,iShares Asia 50 ETF,2007-11-13,/us/products/239730/ishares-asia-50-etf
CMF,iShares California Muni Bond ETF,2007-10-04,/us/products/239731/ishares-california-amtfree-muni-bond-etf
AOK,iShares Core Conservative Allocation ETF,2008-11-04,/us/products/239733/ishares-conservative-allocation-etf
WPS,iShares International Developed Property ETF,2007-07-30,/us/products/239734/ishares-international-developed-property-etf
EMIF,iShares Emerging Markets Infrastructure ETF,2009-06-16,/us/products/239735/ishares-emerging-markets-infrastructure-etf
IEV,iShares Europe ETF,2000-07-25,/us/products/239736/ishares-europe-etf
IOO,iShares Global 100 ETF,2000-12-05,/us/products/239737/ishares-global-100-etf
ICLN,iShares Global Clean Energy ETF,2008-06-24,/us/products/239738/ishares-global-clean-energy-etf
RXI,iShares Global Consumer Discretionary ETF,2006-09-12,/us/products/239739/ishares-global-consumer-discretionary-etf
KXI,iShares Global Consumer Staples ETF,2006-09-12,/us/products/239740/ishares-global-consumer-staples-etf
IXC,iShares Global Energy ETF,2001-11-12,/us/products/239741/ishares-global-energy-etf
IXG,iShares Global Financials ETF,2001-11-12,/us/products/239742/ishares-global-financials-etf
IXJ,iShares Global Healthcare ETF,2001-11-13,/us/products/239744/ishares-global-healthcare-etf
EXI,iShares Global Industrials ETF,2006-09-12,/us/products/239745/ishares-global-industrials-etf
IGF,iShares Global Infrastructure ETF,2007-12-10,/us/products/239746/ishares-global-infrastructure-etf
MXI,iShares Global Materials ETF,2006-09-12,/us/products/239748/ishares-global-materials-etf
IXN,iShares Global Tech ETF,2001-11-12,/us/products/239750/ishares-global-tech-etf
IXP,iShares Global Comm Services ETF,2001-11-12,/us/products/239751/ishares-global-telecom-etf
WOOD,iShares Global Timber & Forestry ETF,2008-06-24,/us/products/239752/ishares-global-timber-forestry-etf
JXI,iShares Global Utilities ETF,2006-09-12,/us/products/239753/ishares-global-utilities-etf
AOR,iShares Core Growth Allocation ETF,2008-11-04,/us/products/239756/ishares-growth-allocation-etf
GSG,iShares S&P GSCI Commodity-Indexed Trust,2006-07-10,/us/products/239757/ishares-sp-gsci-commodityindexed-trust-fund
INDY,iShares India 50 ETF,2009-11-18,/us/products/239758/ishares-india-50-etf
ILF,iShares Latin America 40 ETF,2001-10-25,/us/products/239761/ishares-latin-america-40-etf
IJK,iShares S&P Mid-Cap 400 Growth ETF,2000-07-24,/us/products/239762/ishares-sp-midcap-400-growth-etf
IJH,iShares Core S&P Mid-Cap ETF,2000-05-22,/us/products/239763/ishares-core-sp-midcap-etf
IJJ,iShares S&P Mid-Cap 400 Value ETF,2000-07-24,/us/products/239764/ishares-sp-midcap-400-value-etf
AOM,iShares Core Moderate Allocation ETF,2008-11-04,/us/products/239765/ishares-moderate-allocation-etf
MUB,iShares National Muni Bond ETF,2007-09-07,/us/products/239766/ishares-national-amtfree-muni-bond-etf
NYF,iShares New York Muni Bond ETF,2007-10-04,/us/products/239767/ishares-new-york-amtfree-muni-bond-etf
IGE,iShares North American Natural Resources ETF,2001-10-22,/us/products/239768/ishares-north-american-natural-resources-etf
IGM,iShares Expanded Tech Sector ETF,2001-03-13,/us/products/239769/ishares-north-american-tech-etf
IGN,iShares North American Tech-Multimedia Networking ETF,2001-07-10,/us/products/239770/ishares-north-american-techmultimedia-networking-etf
IGV,iShares Expanded Tech-Software Sector ETF,2001-07-10,/us/products/239771/ishares-north-american-techsoftware-etf
SUB,iShares Short-Term National Muni Bond ETF,2008-11-05,/us/products/239772/ishares-shortterm-national-amtfree-muni-bond-etf
IJT,iShares S&P Small-Cap 600 Growth ETF,2000-07-24,/us/products/239773/ishares-sp-smallcap-600-growth-etf
IJR,iShares Core S&P Small-Cap ETF,2000-05-22,/us/products/239774/ishares-core-sp-smallcap-etf
IJS,iShares S&P Small-Cap 600 Value ETF,2000-07-24,/us/products/239775/ishares-sp-smallcap-600-value-etf
PFF,iShares Preferred and Income Securities ETF,2007-03-26,/us/products/239826/ishares-us-preferred-stock-etf
ISHG,iShares 1-3 Year International Treasury Bond ETF,2009-01-21,/us/products/239829/ishares-13-year-international-treasury-bond-etf
IGOV,iShares International Treasury Bond ETF,2009-01-21,/us/products/239830/ishares-international-treasury-bond-etf
JPXN,iShares JPX-Nikkei 400 ETF,2001-10-23,/us/products/239831/ishares-japan-largecap-etf
NEAR,BlackRock Short Maturity Bond ETF,2013-09-25,/us/products/239854/ishares-short-maturity-bond-etf
SLV,iShares Silver Trust,2006-04-21,/us/products/239855/ishares-silver-trust-fund
IXUS,iShares Core MSCI Total International Stock ETF,2012-10-18,/us/products/244048/ishares-core-msci-total-international-stock-etf
IEFA,iShares Core MSCI EAFE ETF,2012-10-18,/us/products/244049/ishares-core-msci-eafe-etf
IEMG,iShares Core MSCI Emerging Markets ETF,2012-10-18,/us/products/244050/ishares-core-msci-emerging-markets-etf
ISTB,iShares Core 1-5 Year USD Bond ETF,2012-10-18,/us/products/244051/ishares-core-shortterm-us-bond-etf
SIZE,iShares MSCI USA Size Factor ETF,2013-04-16,/us/products/251465/ishares-msci-usa-size-factor-etf
IBCE,iShares® iBonds® Mar 2023 Term Corporate ex-Financials ETF,2013-04-17,/us/products/251477/isharesbond-mar-2023-corporate-exfinancials-term-etf
MTUM,iShares MSCI USA Momentum Factor ETF,2013-04-16,/us/products/251614/ishares-msci-usa-momentum-factor-etf
VLUE,iShares MSCI USA Value Factor ETF,2013-04-16,/us/products/251616/ishares-msci-usa-value-factor-etf
IBDD,iShares® iBonds® Mar 2023 Term Corporate ETF,2013-07-09,/us/products/254555/isharesbond-mar-2023-corporate-term-etf
QUAL,iShares MSCI USA Quality Factor ETF,2013-07-16,/us/products/256101/ishares-msci-usa-quality-factor-etf
SLQD,iShares 0-5 Year Investment Grade Corporate Bond ETF,2013-10-15,/us/products/258098/ishares-05-year-investment-grade-corporate-bond-etf
SHYG,iShares 0-5 Year High Yield Corporate Bond ETF,2013-10-15,/us/products/258100/ishares-05-year-high-yield-corporate-bond-etf
ICSH,BlackRock Ultra Short-Term Bond ETF,2013-12-11,/us/products/258806/ishares-liquidity-income-etf
HEFA,iShares Currency Hedged MSCI EAFE ETF,2014-01-31,/us/products/259622/ishares-currency-hedged-msci-eafe-etf
HEWG,iShares Currency Hedged MSCI Germany ETF,2014-01-31,/us/products/259623/ishares-currency-hedged-msci-germany-etf
HEWJ,iShares Currency Hedged MSCI Japan ETF,2014-01-31,/us/products/259624/ishares-currency-hedged-msci-japan-etf
TFLO,iShares Treasury Floating Rate Bond ETF,2014-02-03,/us/products/260652/ishares-treasury-floating-rate-bond-etf
BYLD,iShares Yield Optimized Bond ETF,2014-04-22,/us/products/264127/ishares-yield-optimized-bond-etf
QAT,iShares MSCI Qatar ETF,2014-04-29,/us/products/264273/ishares-msci-qatar-capped-etf
UAE,iShares MSCI UAE ETF,2014-04-29,/us/products/264275/ishares-msci-uae-capped-etf
LQDH,iShares Interest Rate Hedged Corporate Bond ETF,2014-05-27,/us/products/264542/ishares-interest-rate-hedged-corporate-bond-etf
HYGH,iShares Interest Rate Hedged High Yield Bond ETF,2014-05-27,/us/products/264544/ishares-interest-rate-hedged-high-yield-bond-etf
IUSB,iShares Core Total USD Bond Market ETF,2014-06-10,/us/products/264615/ishares-core-total-usd-bond-market-etf
IEUR,iShares Core MSCI Europe ETF,2014-06-10,/us/products/264617/ishares-core-msci-europe-etf
IPAC,iShares Core MSCI Pacific ETF,2014-06-10,/us/products/264619/ishares-core-msci-pacific-etf
DGRO,iShares Core Dividend Growth ETF,2014-06-10,/us/products/264623/ishares-core-dividend-growth-etf
HEEM,iShares Currency Hedged MSCI Emerging Markets ETF,2014-09-23,/us/products/268704/ishares-currency-hedged-msci-emerging-markets
HEZU,iShares Currency Hedged MSCI Eurozone ETF,2014-07-09,/us/products/268708/ishares-currency-hedged-msci-emu-etf
REET,iShares Global REIT ETF,2014-07-08,/us/products/268752/ishares-global-reit-etf
COMT,iShares GSCI Commodity Dynamic Roll Strategy ETF,2014-10-15,/us/products/270319/ishares-commodity-etf
CRBN,iShares MSCI ACWI Low Carbon Target ETF,2014-12-08,/us/products/271054/ishares-msci-acwi-low-carbon-target-etf
IMTM,iShares MSCI Intl Momentum Factor ETF,2015-01-13,/us/products/271538/ishares-msci-international-developed-momentum-factor-etf
IQLT,iShares MSCI Intl Quality Factor ETF,2015-01-13,/us/products/271540/ishares-msci-international-developed-quality-factor-etf
KSA,iShares MSCI Saudi Arabia ETF,2015-09-16,/us/products/271542/ishares-msci-saudi-arabia-capped-etf
FIBR,iShares U.S. Fixed Income Balanced Risk Factor ETF,2015-02-24,/us/products/271544/ishares-us-fixed-income-balanced-risk-etf
MEAR,BlackRock Short Maturity Municipal Bond ETF,2015-03-03,/us/products/272112/ishares-short-maturity-municipal-bond-etf
IBDN,iShares® iBonds® Dec 2022 Term Corporate ETF,2015-03-10,/us/products/272343/ishares-ibonds-dec-2022-corporate-etf
IBDO,iShares® iBonds® Dec 2023 Term Corporate ETF,2015-03-11,/us/products/272344/ishares-ibonds-dec-2023-corporate-etf
IBDP,iShares® iBonds® Dec 2024 Term Corporate ETF,2015-03-11,/us/products/272345/ishares-ibonds-dec-2024-corporate-etf
IBDQ,iShares® iBonds® Dec 2025 Term Corporate ETF,2015-03-11,/us/products/272346/ishares-ibonds-dec-2025-corporate-etf
XT,iShares Exponential Technologies ETF,2015-03-19,/us/products/272532/ishares-exponential-technologies-etf
ICVT,iShares Convertible Bond ETF,2015-06-02,/us/products/272819/ishares-convertible-bond-etf
EMGF,iShares MSCI Emerging Markets Multifactor ETF,2015-12-08,/us/products/272820/ishares-msci-emerging-multi-factor-etf
ACWF,iShares MSCI Global Multifactor ETF,2015-04-28,/us/products/272821/ishares-msci-global-multi-factor-etf
INTF,iShares International Equity Factor ETF,2015-04-28,/us/products/272822/ishares-msci-international-multi-factor-etf
ISCF,iShares MSCI Intl Small-Cap Multifactor ETF,2015-04-28,/us/products/272823/ishares-msci-international-small-cap-multi-factor-etf
LRGF,iShares U.S. Equity Factor ETF,2015-04-28,/us/products/272824/ishares-msci-usa-multi-factor-etf
SMLF,iShares MSCI USA Small-Cap Multifactor ETF,2015-04-28,/us/products/272825/ishares-msci-usa-small-cap-multi-factor-etf
CNYA,iShares MSCI China A ETF,2016-06-13,/us/products/273318/ishares-msci-china-a-etf
HEWU,iShares Currency Hedged MSCI United Kingdom ETF,2015-06-29,/us/products/273763/ishares-currency-hedged-msci-united-kingdom-etf
HAWX,iShares Currency Hedged MSCI ACWI ex U.S. ETF,2015-06-29,/us/products/273768/ishares-currency-hedged-msci-acwi-ex-us-etf
HSCZ,iShares Currency Hedged MSCI EAFE Small-Cap ETF,2015-06-29,/us/products/273771/ishares-currency-hedged-msci-eafe-small-cap-etf
HEWC,iShares Currency Hedged MSCI Canada ETF,2015-06-29,/us/products/273775/ishares-currency-hedged-msci-canada-etf
IVLU,iShares MSCI Intl Value Factor ETF,2015-06-16,/us/products/275382/ishares-msci-international-developed-value-factor-etf
ISZE,iShares MSCI Intl Size Factor ETF,2015-06-16,/us/products/275384/ishares-msci-international-developed-size-factor-etf
IGBH,iShares Interest Rate Hedged Long-Term Corporate Bond ETF,2015-07-22,/us/products/275397/ishares-interest-rate-hedged-10-year-credit-bond-etf
IBMK,iShares® iBonds® Dec 2022 Term Muni Bond ETF,2015-09-01,/us/products/276544/ishares-ibonds-dec-2022-amt-free-muni-bond-etf
IAGG,iShares Core International Aggregate Bond ETF,2015-11-10,/us/products/279626/ishares-international-aggregate-bond-etf
IBMM,iShares® iBonds® Dec 2024 Term Muni Bond ETF,2018-03-20,/us/products/282961/ishares-ibonds-dec-2024-term-muni-bond-etf
IBMN,iShares® iBonds® Dec 2025 Term Muni Bond ETF,2018-11-13,/us/products/282964/ishares-ibonds-dec-2025-term-muni-bond-etf
SDG,iShares MSCI Global Sustainable Development Goals ETF,2016-04-20,/us/products/283378/ishares-msci-global-sustainable-development-goals-etf
IGRO,iShares International Dividend Growth ETF,2016-05-17,/us/products/283737/ishares-international-dividend-growth-etf
ESGE,iShares ESG Aware MSCI EM ETF,2016-06-28,/us/products/283777/ishares-esg-aware-msci-em-etf
ESGD,iShares ESG Aware MSCI EAFE ETF,2016-06-28,/us/products/283778/ishares-esg-aware-msci-eafe-etf
FALN,iShares Fallen Angels USD Bond ETF,2016-06-14,/us/products/283855/ishares-fallen-angels-usd-bond-etf
HYXF,iShares ESG Advanced High Yield Corporate Bond ETF,2016-06-14,/us/products/283857/ishares-esg-advanced-high-yield-corporate-bond-etf
SMMV,iShares MSCI USA Small-Cap Min Vol Factor ETF,2016-09-07,/us/products/284609/ishares-msci-usa-small-cap-min-vol-factor-etf
IBDR,iShares® iBonds® Dec 2026 Term Corporate ETF,2016-09-13,/us/products/285027/ishares-ibonds-dec-2026-term-corporate-etf-fund
IMTB,iShares Core 5-10 Year USD Bond ETF,2016-11-01,/us/products/285539/ishares-core-5-10-year-usd-bond-etf
ESGU,iShares ESG Aware MSCI USA ETF,2016-12-01,/us/products/286007/ishares-esg-aware-msci-usa-etf
IDEV,iShares Core MSCI International Developed Markets ETF,2017-03-21,/us/products/286762/ishares-core-msci-international-developed-markets-etf
IBML,iShares® iBonds® Dec 2023 Term Muni Bond ETF,2017-04-11,/us/products/287194/ishares-ibonds-dec-2023-term-muni-bond-etf-fund
SMMD,iShares Russell 2500 ETF,2017-07-06,/us/products/288024/ishares-russell-2500-etf
IGEB,iShares Investment Grade Bond Factor ETF,2017-07-11,/us/products/288302/ishares-investment-grade-bond-factor-etf
HYDB,iShares High Yield Bond Factor ETF,2017-07-11,/us/products/288478/ishares-high-yield-bond-factor-etf
SUSC,iShares ESG Aware USD Corporate Bond ETF,2017-07-11,/us/products/288488/ishares-esg-aware-usd-corporate-bond-etf
SUSB,iShares ESG Aware 1-5 Year USD Corporate Bond ETF,2017-07-11,/us/products/288490/ishares-esg-aware-1-5-year-usd-corporate-bond-etf
EMXC,iShares MSCI Emerging Markets ex China ETF,2017-07-18,/us/products/288504/ishares-msci-emerging-markets-ex-china-etf
IBDS,iShares® iBonds® Dec 2027 Term Corporate ETF,2017-09-12,/us/products/290315/ishares-ibonds-dec-2027-term-corporate-etf
USHY,iShares Broad USD High Yield Corporate Bond ETF,2017-10-25,/us/products/291299/ishares-broad-usd-high-yield-corporate-bond-etf
DIVB,iShares Core Dividend ETF,2017-11-07,/us/products/291387/ishares-core-dividend-etf
IEDI,iShares Evolved U.S. Discretionary Spending ETF,2018-03-21,/us/products/292414/ishares-evolved-u-s-discretionary-spending-etf
IETC,iShares Evolved U.S. Technology ETF,2018-03-21,/us/products/292425/ishares-evolved-u-s-technology-etf
CMDY,iShares Bloomberg Roll Select Commodity Strategy ETF,2018-04-03,/us/products/292741/ishares-bloomberg-roll-select-commodity-strategy-etf
IAUF,iShares Gold Strategy ETF,2018-06-06,/us/products/293782/ishares-gold-strategy-etf
IFRA,iShares U.S. Infrastructure ETF,2018-04-03,/us/products/294315/ishares-u-s-infrastructure-etf
LQDI,iShares Inflation Hedged Corporate Bond ETF,2018-05-08,/us/products/294319/ishares-inflation-hedged-corporate-bond-etf
ESML,iShares ESG Aware MSCI USA Small-Cap ETF,2018-04-10,/us/products/296644/ishares-esg-aware-msci-usa-small-cap-etf
IRBO,iShares Robotics and Artificial Intelligence Multisector ETF,2018-06-26,/us/products/297905/ishares-robotics-and-artificial-intelligence-multisector-etf
IBDT,iShares® iBonds® Dec 2028 Term Corporate ETF,2018-09-18,/us/products/304570/ishares-ibonds-dec-2028-term-corporate-etf
EAGG,iShares ESG Aware U.S. Aggregate Bond ETF,2018-10-18,/us/products/305252/ishares-esg-aware-u-s-aggregate-bond-etf
HYBB,iShares BB Rated Corporate Bond ETF,2020-10-06,/us/products/305259/ishares-bb-rated-corporate-bond-etf
BGRN,iShares USD Green Bond ETF,2018-11-13,/us/products/305296/ishares-usd-green-bond-etf
IAUM,iShares Gold Trust Micro,2021-06-15,/us/products/306979/ishares-gold-trust-micro
EWJV,iShares MSCI Japan Value ETF,2019-03-05,/us/products/307263/ishares-msci-japan-value-etf
DYNF,BlackRock U.S. Equity Factor Rotation ETF,2019-03-19,/us/products/307283/blackrock-u-s-equity-factor-rotation-etf
FOVL,iShares Focused Value Factor ETF,2019-03-19,/us/products/307330/ishares-focused-value-factor-etf
IDRV,iShares Self-Driving EV and Tech ETF,2019-04-16,/us/products/307332/ishares-self-driving-ev-and-tech-etf
IDAT,iShares Cloud 5G and Tech ETF,2021-06-08,/us/products/307350/ishares-cloud-5g-and-tech-etf
IHAK,iShares Cybersecurity and Tech ETF,2019-06-11,/us/products/307352/ishares-cybersecurity-and-tech-etf
IBMO,iShares® iBonds® Dec 2026 Term Muni Bond ETF,2019-04-02,/us/products/308047/ishares-ibonds-dec-2026-term-muni-bond-etf
IBMP,iShares® iBonds® Dec 2027 Term Muni Bond ETF,2019-04-09,/us/products/308049/ishares-ibonds-dec-2027-term-muni-bond-etf
IBMQ,iShares® iBonds® Dec 2028 Term Muni Bond ETF,2019-04-16,/us/products/308051/ishares-ibonds-dec-2028-term-muni-bond-etf
IBHB,iShares® iBonds® 2022 Term High Yield and Income ETF,2019-05-07,/us/products/308561/ishares-ibonds-2022-term-high-yield-and-income-etf
IBHC,iShares® iBonds® 2023 Term High Yield and Income ETF,2019-05-07,/us/products/308563/ishares-ibonds-2023-term-high-yield-and-income-etf
IBHD,iShares® iBonds® 2024 Term High Yield and Income ETF,2019-05-07,/us/products/308565/ishares-ibonds-2024-term-high-yield-and-income-etf
IBHE,iShares® iBonds® 2025 Term High Yield and Income ETF,2019-05-07,/us/products/308567/ishares-ibonds-2025-term-high-yield-and-income-etf
SUSL,iShares ESG MSCI USA Leaders ETF,2019-05-07,/us/products/308574/ishares-esg-msci-usa-leaders-etf
IDNA,iShares Genomics Immunology and Healthcare ETF,2019-06-11,/us/products/308878/ishares-genomics-immunology-and-healthcare-etf
IBDU,iShares® iBonds® Dec 2029 Term Corporate ETF,2019-09-17,/us/products/310035/ishares-ibonds-dec-2029-term-corporate-etf
CCRV,iShares Commodity Curve Carry Strategy ETF,2020-09-01,/us/products/310784/ishares-commodity-curve-carry-strategy-etf
TECB,iShares U.S. Tech Breakthrough Multisector ETF,2020-01-08,/us/products/312046/ishares-u-s-tech-breakthrough-multisector-etf
STLG,iShares Factors US Growth Style ETF,2020-01-14,/us/products/312212/ishares-factors-us-growth-style-etf
STLV,iShares Factors US Value Style ETF,2020-01-14,/us/products/312214/ishares-factors-us-value-style-etf
LDEM,iShares ESG MSCI EM Leaders ETF,2020-02-05,/us/products/312222/ishares-esg-msci-em-leaders-etf
IBTB,iShares® iBonds® Dec 2022 Term Treasury ETF,2020-02-25,/us/products/312440/ishares-ibonds-dec-2022-term-treasury-etf
IBTD,iShares® iBonds® Dec 2023 Term Treasury ETF,2020-02-25,/us/products/312444/ishares-ibonds-dec-2023-term-treasury-etf
IBTE,iShares® iBonds® Dec 2024 Term Treasury ETF,2020-02-25,/us/products/312451/ishares-ibonds-dec-2024-term-treasury-etf
IBTF,iShares® iBonds® Dec 2025 Term Treasury ETF,2020-02-25,/us/products/312454/ishares-ibonds-dec-2025-term-treasury-etf
IBTG,iShares® iBonds® Dec 2026 Term Treasury ETF,2020-02-25,/us/products/312457/ishares-ibonds-dec-2026-term-treasury-etf
IBTH,iShares® iBonds® Dec 2027 Term Treasury ETF,2020-02-25,/us/products/312460/ishares-ibonds-dec-2027-term-treasury-etf
IBTI,iShares® iBonds® Dec 2028 Term Treasury ETF,2020-02-25,/us/products/312463/ishares-ibonds-dec-2028-term-treasury-etf
IBTJ,iShares® iBonds® Dec 2029 Term Treasury ETF,2020-02-25,/us/products/312466/ishares-ibonds-dec-2029-term-treasury-etf
KWT,iShares MSCI Kuwait ETF,2020-09-01,/us/products/312763/ishares-msci-kuwait-etf
SGOV,iShares 0-3 Month Treasury Bond ETF,2020-05-26,/us/products/314116/ishares-0-3-month-treasury-bond-etf
DMXF,iShares ESG Advanced MSCI EAFE ETF,2020-06-16,/us/products/314362/ishares-esg-advanced-msci-eafe-etf
USXF,iShares ESG Advanced MSCI USA ETF,2020-06-16,/us/products/314365/ishares-esg-advanced-msci-usa-etf
EAOR,iShares ESG Aware Growth Allocation ETF,2020-06-12,/us/products/314409/ishares-esg-aware-growth-allocation-etf
EAOM,iShares ESG Aware Moderate Allocation ETF,2020-06-12,/us/products/314411/ishares-esg-aware-moderate-allocation-etf
EAOA,iShares ESG Aware Aggressive Allocation ETF,2020-06-12,/us/products/314414/ishares-esg-aware-aggressive-allocation-etf
EAOK,iShares ESG Aware Conservative Allocation ETF,2020-06-12,/us/products/314417/ishares-esg-aware-conservative-allocation-etf
IBDV,iShares® iBonds® Dec 2030 Term Corporate ETF,2020-06-23,/us/products/314496/ishares-ibonds-dec-2030-term-corporate-etf
EUSB,iShares ESG Advanced Total USD Bond Market ETF,2020-06-23,/us/products/314499/ishares-esg-advanced-total-usd-bond-market-etf
IBTK,iShares® iBonds® Dec 2030 Term Treasury ETF,2020-07-14,/us/products/314830/ishares-ibonds-dec-2030-term-treasury-etf
GOVZ,iShares 25+ Year Treasury STRIPS Bond ETF,2020-09-22,/us/products/315911/ishares-25+-year-treasury-strips-bond-etf
XJH,iShares ESG Screened S&P Mid-Cap ETF,2020-09-22,/us/products/315914/ishares-esg-screened-s-p-mid-cap-etf
XVV,iShares ESG Screened S&P 500 ETF,2020-09-22,/us/products/315917/ishares-esg-screened-s-p-500-etf
XJR,iShares ESG Screened S&P Small-Cap ETF,2020-09-22,/us/products/315920/ishares-esg-screened-s-p-small-cap-etf
IWFH,iShares Virtual Work and Life Multisector ETF,2020-09-29,/us/products/315979/ishares-virtual-work-and-life-multisector-etf
BFTR,BlackRock Future Innovators ETF,2020-09-29,/us/products/316005/blackrock-future-innovators-etf
BMED,BlackRock Future Health ETF,2020-09-29,/us/products/316007/blackrock-future-health-etf
BTEK,BlackRock Future Tech ETF,2020-09-29,/us/products/316011/blackrock-future-tech-etf
EMXF,iShares ESG Advanced MSCI EM ETF,2020-10-06,/us/products/316020/ishares-esg-advanced-msci-em-etf
SVAL,iShares US Small Cap Value Factor ETF,2020-10-27,/us/products/316394/ishares-us-small-cap-value-factor-etf
IBHF,iShares® iBonds® 2026 Term High Yield and Income ETF,2020-11-10,/us/products/316512/ishares-ibonds-2026-term-high-yield-and-income-etf
ISVL,iShares International Developed Small Cap Value Factor ETF,2021-03-23,/us/products/317548/ishares-international-developed-small-cap-value-factor-etf
INMU,BlackRock Intermediate Muni Income Bond ETF,2021-03-16,/us/products/317976/blackrock-intermediate-muni-income-bond-etf
HYMU,BlackRock High Yield Muni Income Bond ETF,2021-03-16,/us/products/317978/blackrock-high-yield-muni-income-bond-etf
LCTU,BlackRock U.S. Carbon Transition Readiness ETF,2021-04-06,/us/products/318215/blackrock-u-s-carbon-transition-readiness-etf
LCTD,BlackRock World ex U.S. Carbon Transition Readiness ETF,2021-04-06,/us/products/318216/blackrock-world-ex-u-s-carbon-transition-readiness-etf
LQDB,iShares BBB Rated Corporate Bond ETF,2021-05-18,/us/products/318688/ishares-bbb-rated-corporate-bond-etf
IBDW,iShares® iBonds® Dec 2031 Term Corporate ETF,2021-06-22,/us/products/319154/ishares-ibonds-dec-2031-term-corporate-etf
IBTL,iShares® iBonds® Dec 2031 Term Treasury ETF,2021-07-13,/us/products/319421/ishares-ibonds-dec-2031-term-treasury-etf
IBHG,iShares® iBonds® 2027 Term High Yield and Income ETF,2021-07-07,/us/products/319422/ishares-ibonds-2027-term-high-yield-and-income-etf
BECO,BlackRock Future Climate and Sustainable Economy ETF,2021-08-03,/us/products/320098/blackrock-future-climate-and-sustainable-economy-etf
USBF,iShares USD Bond Factor ETF,2021-10-12,/us/products/320598/ishares-usd-bond-factor-etf
ESMV,iShares ESG MSCI USA Min Vol Factor ETF,2021-11-02,/us/products/321324/ishares-esg-msci-usa-min-vol-factor-etf
ELQD,iShares ESG Advanced Investment Grade Corporate Bond ETF,2021-11-08,/us/products/321326/ishares-esg-advanced-investment-grade-corporate-bond-etf
BTHM,BlackRock Future U.S. Themes ETF,2021-12-14,/us/products/325384/blackrock-future-u-s-themes-etf
TCHI,iShares MSCI China Multisector Tech ETF,2022-01-25,/us/products/325390/ishares-msci-china-multisector-tech-etf
PABU,iShares Paris-Aligned Climate MSCI USA ETF,2022-02-08,/us/products/325725/ishares-paris-aligned-climate-msci-usa-etf
IBHH,iShares® iBonds® 2028 Term High Yield and Income ETF,2022-03-08,/us/products/326459/ishares-ibonds-2028-term-high-yield-and-income-etf
IBHI,iShares® iBonds® 2029 Term High Yield and Income ETF,2022-03-08,/us/products/326462/ishares-ibonds-2029-term-high-yield-and-income-etf
IVEG,iShares Emergent Food and AgTech Multisector ETF,2022-04-25,/us/products/326601/ishares-emergent-food-and-agtech-multisector-etf
IBLC,iShares Blockchain and Tech ETF,2022-04-25,/us/products/326614/ishares-blockchain-and-tech-etf
HYGI,iShares Inflation Hedged High Yield Bond ETF,2022-06-22,/us/products/328091/ishares-inflation-hedged-high-yield-bond-etf
AGIH,iShares Inflation Hedged U.S. Aggregate Bond ETF,2022-06-22,/us/products/328179/ishares-inflation-hedged-u-s-aggregate-bond-etf
AGRH,iShares Interest Rate Hedged U.S. Aggregate Bond ETF,2022-06-22,/us/products/328180/ishares-interest-rate-hedged-u-s-aggregate-bond-etf
IBDX,iShares® iBonds® Dec 2032 Term Corporate ETF,2022-06-28,/us/products/328675/ishares-ibonds-dec-2032-term-corporate-etf
IBTM,iShares® iBonds® Dec 2032 Term Treasury ETF,2022-07-06,/us/products/328944/ishares-ibonds-dec-2032-term-treasury-etf
TLTW,iShares 20+ Year Treasury Bond BuyWrite Strategy ETF,2022-08-18,/us/products/329118/ishares-20+-year-treasury-bond-buywrite-strategy-etf
HYGW,iShares High Yield Corporate Bond BuyWrite Strategy ETF,2022-08-18,/us/products/329119/ishares-high-yield-corporate-bond-buywrite-strategy-etf
LQDW,iShares Investment Grade Corporate Bond BuyWrite Strategy ETF,2022-08-18,/us/products/329120/ishares-investment-grade-corporate-bond-buywrite-strategy-etf
BPAY,BlackRock Future Financial and Technology ETF,2022-08-16,/us/products/329128/blackrock-future-financial-and-technology-etf
IBRN,iShares Neuroscience and Healthcare ETF,2022-08-24,/us/products/329137/ishares-neuroscience-and-healthcare-etf
IWTR,iShares MSCI Water Management Multisector ETF,2022-09-20,/us/products/329650/ishares-msci-water-management-multisector-etf
BRLN,BlackRock Floating Rate Loan ETF,2022-10-04,/us/products/329872/blackrock-floating-rate-loan-etf
